Judul,Isi Berita,Tanggal Berita,Kategori
LRT Jabodebek Dukung Konferensi Kereta Api se-ASEAN di Bandung,Indonesia menjadi tuan rumah Asean Railway CEOs Conference (ARCEOs Conference) ke-44. Para CEO Transportasi kawasan Asean akan berkumpul di Bandung 2-5 September 2024.,"Senin, 02 September 2024 - 23:51 WIB",EKONOMI BISNIS
Kementerian PUPR Sebut Capaian 10 Tahun Infrastruktur Tingkatkan Kualitas Hidup,"Jubir Kementerian PUPR, Endra S Atmawidjaja mengatakan  pemerintah berhasil menciptakan konektivitas yang lebih baik dan meningkatkan kualitas hidup masyarakat melalui berbagai proyek infrastruktur strategis.","Senin, 02 September 2024 - 23:28 WIB",NASIONAL
"Tingkatkan Produktivitas, Kementan Tanam Bersama Padi Gogo di Pohuwato","Pemerintah terus berupaya meningkatkan produksi pertanian di Indonesia. Salah satu upaya yang dilakukan adalah melalui program Perluasan Area Tanam (PAT) dengan penanaman padi gogo di Desa Tirto Asri, Kecamatan Taluditi, Kabupaten Pohuwato.","Senin, 02 September 2024 - 23:14 WIB",DAERAH
"6 Fakta Pernikahan Putri Norwegia Martha Louise, Suami Dukun hingga Seremoni Difilmkan",Fakta pernikahan Putri Norwegia Martha Louise bisa diketahui lewat artikel ini.,"Senin, 02 September 2024 - 23:40 WIB",LIFESTYLE
6 Tersangka Pengeroyokan Tahanan Rutan Depok hingga Tewas Terancam 12 Tahun Bui,"Kapolres Depok, Kombes Pol Arya Perdana mengatakan, pihaknya telah menetapkan enam pelaku pengeroyokan tahanan di Rutan Kelas I Cilodong, sebagai tersangka.","Senin, 02 September 2024 - 23:54 WIB",METRO
Mahindra Dorong Industri Otomotif India Lawan Mobil Listrik China,"Konglomerat India Mahindra Group berencana menghabiskan lebih dari USD1,43 miliar selama tiga tahun untuk mempercepat peluncuran kendaraan listriknya, menurut CEO grup dan Direktur Pelaksana Anish Shah.","Senin, 02 September 2024 - 23:07 WIB",OTOMOTIF
Tamara Tyasmara Disebut Bucin pada Yudha Arfandi Gara-gara Harta,"Pengacara Yudha Arfandi (YA), Daliun Sailan, menyebut Tamara Tyasmara bucin saat menjalani hubungan asmara dengan kliennya.","Senin, 02 September 2024 - 23:00 WIB",LIFESTYLE
"Pembubaran Jiwasraya, Kementerian BUMN Bentuk Tim Likuidasi",Wakil Menteri BUMN Kartika Wirjoatmodjo memastikan pembentukan tim likuidasi untuk membubarkan PT Jiwasraya (Persero) dilaksanakan pada September 2024.,"Senin, 02 September 2024 - 23:30 WIB",EKONOMI BISNIS
KPUD Jakarta Sebut Semua Cagub-Cawagub Sudah Serahkan LHKPN,"KPUD Jakarta mengungkapkan, seluruh pasangan Cagub-Cawagub Jakarta telah menyerahkan Laporan Harta Kekayaan Penyelenggara Negara (LHKPN), Senin (2/9/2024).","Senin, 02 September 2024 - 22:44 WIB",METRO
Kemenparekraf Tingkatkan Sosialisasi Pengisian Form SATUSEHAT bagi Pelaku Perjalanan Internasional,Kemenparekraf membantu mensosialisasikan pengisian formulir swadeklarasi elektronik bernama SATUSEHAT Health Pass bagi para pelaku perjalanan internasional.,"Senin, 02 September 2024 - 22:20 WIB",LIFESTYLE
"Paus Fransiskus Dijadwalkan Sampai Bandara Soetta Besok, Langsung ke Kedubes Vatikan","Pemimpin Gereja Katolik Dunia, Paus Fransiskus dijadwalkan akan tiba di Bandara Soekarno-Hatta (Soetta), Tangerang, Banten, pada Selasa (3/9/2024).","Senin, 02 September 2024 - 22:35 WIB",NASIONAL
Sikap Kritis Generasi Muda dalam Hadapi Tren Global Dinilai Penting,Sikap kritis dan responsif generasi muda terhadap tren global dinilai penting. Pandangan ini terungkap untuk menjawab tantangan dan kebutuhan industri kreatif.,"Senin, 02 September 2024 - 22:10 WIB",NASIONAL
Kementerian BUMN Beri Bonus Rp6 miliar untuk Atlet Peraih Medali Olimpiade 2024,Kementerian Badan Usaha Milik Negara (BUMN) memberikan bonus kepada tiga atlet Indonesia yang meraih medali Olimpiade 2024. Total jumlah bonus yang diberikan mencapai Rp6 miliar.,"Senin, 02 September 2024 - 22:30 WIB",SPORTS
"Siapa John Ternus, Sosok Misterius yang Diprediksi Jadi Penerus Tahta Tim Cook di Apple","CEO Apple Tim Cook bakal segera lengser. Dan penggantinya sudah disiapkan. Ada beberapa kandidat, tapi yang terkuat adalah John Ternus. Siapa dia?","Senin, 02 September 2024 - 22:28 WIB",TEKNO
"Perangi Diabetes pada Anak-anak, Sun Life telah mengalokasikan dana sebesar CA USD52,4 juta",Sun life membuat program untuk membantu lebih dari 14.000 anak-anak dan komunitas di Asia untuk menerapkan gaya hidup aktif dan sehat. Sehingga terhindar dari diabetes.,"Senin, 02 September 2024 - 22:18 WIB",EKONOMI BISNIS
"22-23 September 2024, KPU Jakarta Tetapkan Cagub - Cawagub dan Undi Nomor Urut","KPUD Jakarta bakal melakukan penetapan dari Cagub dan Cawagub Jakarta pada 22 September 2024. Hal ini dikatakan oleh Ketua KPUD Jakarta, Wahyu Dinata.","Senin, 02 September 2024 - 22:14 WIB",METRO
Stasiun KRL Inggris Gunakan Kamera Deteksi Penumpang Kereta,"Inggris kenalkan sistem kereta komuter di Inggris telah menggunakan kamera canggih dengan sistem kamera AI (Artificial Intelligence) yang diletakan tersembunyi di stasiun-stasiun besar, tujuan untuk mengetahui informasi detail penumpang kereta api.","Senin, 02 September 2024 - 22:12 WIB",TEKNO
"Bungkam soal Kontrak Salah, Arne Slot: Banyak Sekali Kemungkinan","Pelatih Liverpool Arne Slot menolak mengomentari soal kontrak Mohamed Salah yang tersisa 9 bulan bersama The Reds. Namun, pelatih anyar asal Belanda ini mengakui kontribusi Salah bersama Liverpool di awal musim ini cukup besar.","Senin, 02 September 2024 - 22:00 WIB",SPORTS
"Buka Kompetisi Sains Madrasah 2024, Menag Ajak Peserta Bantu Korban Banjir Bandang Ternate","Menteri Agama (Menag) RI, Yaqut Cholil Qoumas mengajak seluruh peserta Kompetisi Sains Madrasah (KSM) 2024 untuk tidak hanya fokus pada kemenangan dalam kompetisi.","Senin, 02 September 2024 - 21:33 WIB",EDUKASI
"5 Warna Mobil Anti Ribet: Tahan Lama dan Mudah Dirawat, Cocok Buat Pemula!","Punya mobil impian dengan warna favorit memang keren, tapi bagaimana dengan perawatannya? Kalau kamu tipe yang nggak mau ribet, yuk simak 5 warna cat mobil terbaik yang tahan lama dan mudah dirawat, cocok buat yang baru pertama kali punya mobil!","Senin, 02 September 2024 - 21:47 WIB",OTOMOTIF
"Tertimpa Bangunan karena Hujan Disertai Angin, 2 Orang di Pamijahan Bogor Tewas","Dua orang dilaporkan meninggal dunia dan empat lainnya luka-luka disebabkan tertimpa runtuhan bangunan di wilayah Pamijahan, Kabupaten Bogor, Senin (2/9/2024).","Senin, 02 September 2024 - 21:28 WIB",METRO
"Dicuekin Liverpool Kontraknya Tersisa 9 Bulan, Salah: Saya Ingin Menikmati Musim Terakhir",Bintang Liverpool Mohamed Salah telah memberikan kabar penting tentang masa depannya menyusul kemenangan telak The Reds atas Manchester United 3-0 di Liga Primer pada Minggu (1/9/2024) malam.,"Senin, 02 September 2024 - 21:30 WIB",SPORTS
Pelaku Penyiram Air Keras Anggota Brimob di Jaktim Kena Pasal Berlapis,"Pria berinisial SAA (21) yang menyiram Anggota Brimob Yon B Cipinang, Jakarta Timur, telah ditangkap. Pelaku disangkakan pasal berlapis, Senin (2/9/2024).","Senin, 02 September 2024 - 21:11 WIB",METRO
Rano Sebut Keberadaan Warga Betawi Jadi Tantangan saat Jakarta Tak Lagi Ibu Kota,"Cawagub Jakarta, Rano Karno mengaku mendapat arahan khusus dari Ketua Umum PDIP, Megawati Soekarnoputri terkait keberadaan warga Betawi setelah Jakarta bukan lagi Ibu Kota.","Senin, 02 September 2024 - 21:29 WIB",METRO
"Bernilai Seni Tinggi, Jam Tangan Ridwan Kamil Dilelang untuk Kegiatan Sosial","Cagub Jakarta, Ridwan Kamil melukis di jam tangan. Hal ini merupakan kolaborasi dengan Padang Sudirjo, modifikator jam tangan artistik dari Modderfathers.","Senin, 02 September 2024 - 21:09 WIB",METRO
Golkar: Stabilitas Politik Dukung Proses Keberlanjutan Pembangunan,Keberlanjutan pembangunan Indonesia ke depan bisa dicapai pemerintahan mendatang jika mampu menjaga stabilitas politik.,"Senin, 02 September 2024 - 21:20 WIB",NASIONAL
Rano Karno Janji Jembatani Aspirasi Ojol dan Pemerintah,"Calon Wakil Gubernur (Cawagub), Rano Karno berjanji bakal mendengar aspirasi ojek online (ojol) jika terpilih bersama Calon Gubernur (Cagub) Pramono Anung.","Senin, 02 September 2024 - 21:11 WIB",METRO
Tips Anti Maling! Cara Amankan Motor dari Incaran Pencuri,Tingginya angka pencurian sepeda motor di Indonesia menjadi momok menakutkan bagi para pemilik kendaraan.,"Senin, 02 September 2024 - 21:58 WIB",OTOMOTIF
Langkah E-commerce Dorong UMKM Memaksimalkan Teknologi Digital,"E-commerce telah membuka peluang besar bagi UMKM untuk tumbuh dan berkembang. Dengan memanfaatkan teknologi digital secara efektif, UMKM dapat meningkatkan daya saing dan mencapai kesuksesan di era digital.","Senin, 02 September 2024 - 21:45 WIB",TEKNO
Harapan Burzah Zarnubi di Pilkada Lahat 2024: Semoga Lancar dan Adil,"Ribuan pendukung mengiringi pasangan bakal Calon Bupati dan Wakil Bupati Kabupaten Lahat, Sumatera Selatan, Bursah Zarnubi (BZ) dan Widia Ningsih (WIN), saat mendaftarkan diri ke Kantor KPU Lahat pada Kamis (29/8/2024).","Senin, 02 September 2024 - 21:02 WIB",DAERAH
"Terungkap, Pemain Timnas Indonesia Jalani Umrah Atas Instruksi Shin Tae-yong!","Ketua Badan Tim Nasional (BTN) Sumardji memastikan Timnas Indonesia menjalani ibadah umrah karena instruksi dari pelatih Shin Tae-yong. Sebab, ada waktu luang dalam persiapan timnya untuk fase Grup C putaran ketiga Kualifikasi Piala Dunia 2026 zona Asia.","Senin, 02 September 2024 - 21:00 WIB",SPORTS
Raja Antoni Sertifikasi Tanah Rakyat Polehan Malang usai Berjuang 24 Tahun,"Warga Kelurahan Polehan, Kota Malang, akhirnya dapat bernapas lega. Pasalnya, selama 24 tahun menduduki tanah akhirnya mereka mendapat kepastian hukum atas tanahnya setelah mendapat penanganan langsung dari Kementerian Agraria dan Tata Ruang/Badan Pertanahan Nasional (ATR/BPN)","Senin, 02 September 2024 - 20:46 WIB",DAERAH
"Atasi Mental Health Anak Jakarta, Ridwan Kamil: Curhat Cukup Rebahan dan Ada Mobil Jemput Bola",Calon Gubernur (Cagub) Jakarta Ridwan Kamil (RK) mewacanakan ada layanan psikologi keliling jika terpilih dalam Pilkada Jakarta 2024. Hal itu sebagai upaya mengatasi masalah kesehatan jiwa (mental health) anak Jakarta dengan dua versi yakni aplikasi dan mobil curhat sebagai upaya jemput bola.,"Senin, 02 September 2024 - 21:09 WIB",METRO
Imigrasi Bandara Soetta Siapkan Fasilitas Khusus Sambut Kedatangan Paus Fransiskus,"Paus Fransiskus dijadwalkan tiba di Indonesia melalui Bandara Internasional Soekarno-Hatta, Kota Tangerang, besok, Selasa, 3 September 2024.","Senin, 02 September 2024 - 21:01 WIB",METRO
"Ivan Gunawan Pelit Kasih Yes ke Kontestan Amazing Dance Indonesia, Ternyata Ini Alasannya","Ivan Gunawan alias Igun dipercaya menjadi salah satu juri selebritas dalam program baru GTV, Amazing Dance Indonesia.","Senin, 02 September 2024 - 21:00 WIB",LIFESTYLE
TRID-Perhutani Tanam 200 Pohon untuk Masa Depan Berkelanjutan,"TUV Rheinland Indonesia (TRID) bekerja sama dengan Perum Perhutani melakukan aksi penanaman pohon di Sentul Eco Edu Tourism Forest, Jabar.","Senin, 02 September 2024 - 20:20 WIB",NASIONAL
Pengadilan Tinggi Jakarta Perkuat Vonis 9 Tahun Karen Agustiawan,"Pengadilan Tinggi (PT) Jakarta memperkuat vonis Pengadilan Tindak Pidana Korupsi (Tipikor) terhadap eks Dirut Pertamina, Galaila Karen Kardinah alias Karen Agustiawan.","Senin, 02 September 2024 - 20:20 WIB",NASIONAL
"Sambut Kedatangan Paus Fransiskus ke Indonesia, Kemenparekraf Imbau Masyarakat Work from Destination","Kemenparekraf memberikan kelonggaran pada masyarakat Indonesia, khususnya umat Katolik, agar bisa menikmati momen kunjungan Paus Fransiskus.","Senin, 02 September 2024 - 20:20 WIB",LIFESTYLE
8 Tersangka Sindikat Penjual Bayi di Depok Terancam 15 Tahun Penjara dan Denda Rp600 Juta,"Delapan tersangka kasus TPPO dua bayi di wilayah hukum Depok, Jawa Barat terancam hukuman maksimal 15 tahun penjara dan denda Rp600 juta, Senin (2/9/2024).","Senin, 02 September 2024 - 20:14 WIB",METRO
RIIZE Rayakan Ulang Tahun Pertama Bersama BRIIZE di Jakarta,"RIIZE merayakan ulang tahun pertama mereka bersama para penggemar yang dikenal dengan sebutan BRIIZE, dalam sebuah acara fan sign.","Senin, 02 September 2024 - 21:40 WIB",LIFESTYLE
Universitas Bakrie Sambut 1.540 Mahasiswa Baru Angkatan 2024,"Dengan tema Gelora Generasi Unggul, penyambutan mahasiswa baru Universitas Bakrie selaras dengan pencapaian tertinggi kampus yang baru saja meraih Akreditasi Unggul.","Senin, 02 September 2024 - 20:05 WIB",EDUKASI
Tim Medis Indonesia Gabung dengan Rumah Sakit Lapangan UEA di Gaza,Satu tim medis Indonesia telah bergabung dengan Rumah Sakit Lapangan Terpadu Uni Emirat Arab (UEA) di Gaza sebagai bagian dari Operasi Ksatria Berjiwa Kesatria 3.,"Senin, 02 September 2024 - 21:30 WIB",INTERNATIONAL
DPC dan PAC PDIP Muna Barat Minta Mega Usung Kader Banteng di Pilkada 2024,"Pengurus Dewan Pimpinan Cabang (DPC) dan Pimpinan Anak Cabang (PAC) PDIP Muna Barat, Sulawesi Tenggara meminta Ketua Umum DPP PDIP, Megawati Soekarnoputri, untuk mengevaluasi keputusan yang memberikan bakal calon bupati Muna Barat dari partai lain.","Senin, 02 September 2024 - 20:03 WIB",DAERAH
Israel Dituding Beli Iklan Google untuk Blokir Donasi UNRWA,"Pemerintah Israel membeli iklan palsu pada hasil pencarian Google untuk badan PBB untuk pengungsi Palestina (UNRWA) dalam upaya mendiskreditkan lembaga tersebut, menurut laporan Wired pada Senin (2/9/2024).","Senin, 02 September 2024 - 20:01 WIB",INTERNATIONAL
Pacuan Kuda Indonesia Perlu Kolaboratif dan Inovatif Hadapi Perkembangan Global,"Indonesia menjadi satu dari 40 negara yang berpartisipasi dalam Asian Racing Conference (ARC) ke-40 di Sapporo Jepang yang berlangsung, 27 Agustus - 1 September 2024.","Senin, 02 September 2024 - 20:00 WIB",SPORTS
"Ikuti Jejak Rusia, Banyak Negara Ingin Dolar AS Jungkir Balik",Sejumlah sistem perdagangan dan pembayaran alternatif terus mencoba meruntuhkan tatanan perdagangan dan pembayaran yang dipimpin oleh AS.,"Senin, 02 September 2024 - 20:40 WIB",EKONOMI BISNIS
Modus 8 Tersangka Sindikat Penjual Bayi saat Melancarkan Aksinya,"Dua bayi berjenis kelamin laki-laki dan perempuan hendak dijual ke Bali oleh delapan tersangka sindikat kasus TPPO di wilayah hukum Depok, Jawa Barat.","Senin, 02 September 2024 - 19:56 WIB",METRO
"Dokter Aulia Risma Dipalak Puluhan Juta, Guru Besar FK Undip: Itu Uang Iuran Angkatan",Guru Besar Fakultas Kedokteran (FK) Universitas Diponegoro (Undip) Prof. Zainal Muttaqin ikut angkat bicara merespons pernyataan Kemenkes yang menyebutkan dr. Aulia Risma Lestari (ARL) dipalak seniornya puluhan juta rupiah.,"Senin, 02 September 2024 - 20:21 WIB",DAERAH
Terungkap Pencuri Kotak Amal Masjid di Malang Ternyata Pelajar SMP dan SD,Tiga bocah di Malang yang sempat viral terekam kamera CCTV mencuri kotak amal masjid di samping rumah Menko PMK Muhadjir Effendy akhirnya terindentifikasi. Ketiganya teridentifikasi berkat terekam video Masjid Asy-Syuura Malang.,"Senin, 02 September 2024 - 19:54 WIB",DAERAH
Bahu Jalan Bukan Arena Balap! SUV Ini Terguling Gara-gara Nyalip Sembarangan,Sebuah video viral di media sosial memperlihatkan detik-detik mengerikan sebuah mobil SUV terguling saat mencoba menyalip dari bahu jalan.,"Senin, 02 September 2024 - 20:00 WIB",OTOMOTIF
Hasil Paralimpiade Paris 2024: Leani Ratri Oktila Persembahkan Medali Perak Para Bulu Tangkis,Cabang olahraga (cabor) para bulu tangkis kembali menyumbangkan medali untuk Indonesia di Paralimpiade Paris 2024. Kali ini datang dari tunggal putri SL4 lewat Leani Ratri Oktila yang sukses mempersembahkan medali perak.,"Senin, 02 September 2024 - 19:49 WIB",SPORTS
Eks Tahanan KPK Setor Bulanan Sampai Rp145 Juta selama di Rutan KPK,"Mantan tahanan Komisi Pemberantasan Korupsi (KPK), Dono Purwoko mengaku menyetor sebesar Rp145 juta selama mendekam di Rutan KPK.","Senin, 02 September 2024 - 19:48 WIB",NASIONAL
Temuan Kondom Firaun Bikin Kepo Ilmuwan Soal Aktifitas Seksual Mesir Kuno,"Penemuan kondom Firaun berusia 3.000 tahun, ditemukan di makam Firaun Tutankhamun, membuat para ilmuwan bersemangar untuk mengungkap kehidupan seksual dan praktik reproduksi pada zaman Firaun.","Senin, 02 September 2024 - 19:39 WIB",SAINS
Dekan FK Undip Diberhentikan Sementara dari RSUP Kariadi Buntut Kasus dr. Aulia Risma,Dekan FK Undip Yan Wisnu diberhentikan sementara dari posisinya sebagai dokter spesialis onkologi di RSUP Dr. Kariadi.,"Senin, 02 September 2024 - 19:38 WIB",LIFESTYLE
"Tak Hanya Jokowi, Erick Thohir Juga Mengaku Belum Tahu Soal Subsidi KRL Berbasis NIK",Erick Thohir mengaku dirinya belum mengtahui aturan subsidi tarif KRL berbasis NIK. Ia meminta sistem tersebut harus dibahas bersama sebelum resmi ditetapkan.,"Senin, 02 September 2024 - 19:42 WIB",EKONOMI BISNIS
"Ungkap Kasus Bullying di Undip, Menkes: Perundungan Sudah Puluhan Tahun",Menkes Budi Gunadi Sadikin mengatakan bahwa praktik-praktik perundungan (bullying) di Universitas Diponegoro (Undip) Semarang telah berlangsung selama puluhan tahun.,"Senin, 02 September 2024 - 20:07 WIB",NASIONAL
Aryono Miranat Ingatkan Leo/Bagas untuk Tak Cepat Puas setelah Juara Korea Open 2024,"Pelatih ganda putra Indonesia, Aryono Miranat, mengungkapkan evaluasi untuk Leo Rolly Carnando/Bagas Maulana, setelah menjadi juara Korea Open 2024. Dia memperingatkan agar tidak cepat puas karena masih ada yang perlu ditingkatkan dari segi permainan.","Senin, 02 September 2024 - 20:00 WIB",SPORTS
Di Mana Duha? Gadis Kecil Palestina yang Diduga Diculik Tentara Israel di Gaza,"Dewan Hak Asasi Manusia PBB dan lembaga amal Save the Children telah melaporkan ribuan kasus anak-anak Palestina yang telah ditahan, dihilangkan, atau diculik setelah invasi Israel ke Jalur Gaza.","Senin, 02 September 2024 - 19:15 WIB",INTERNATIONAL
Kemenag RI Apresiasi Kinerja UPZ BAZNAS dalam Tingkatkan Kesejahteraan Umat,Kementerian Agama (Kemenag) RI mengapresiasi kinerja Unit Pengumpul Zakat (UPZ) BAZNAS RI yang turut membantu meningkatkan kesejahteraan umat.,"Senin, 02 September 2024 - 19:11 WIB",DAERAH
"KPU Jakarta Gelar Penetapan Cagub-Cawagub 22 September, Pengundian Nomor Urut 23 September",Komisi Pemilihan Umum (KPU) Jakarta melakukan penetapan Calon Gubernur dan Calon Wakil Gubernur Jakarta pada 22 September 2024 mendatang.,"Senin, 02 September 2024 - 19:23 WIB",METRO
"Jelang Jokowi Lengser, Erick Thohir Mulai Bersih-bersih Rumah Dinas","Menteri BUMN Erick Thohir mulai bersih-bersih rumah dinas di Jakarta, jelang berakhirnya pemerintahan Jokowi-Ma'ruf pada Oktober mendatang.","Senin, 02 September 2024 - 19:21 WIB",EKONOMI BISNIS
"Diterjang Angin Kencang, Pintu Lobby Mal Botani Square Bogor Pecah","Pintu kaca lobby Mal Botani Square di Kota Bogor pecah, Senin (2/9/2024). Hal itu disebabkan hujan deras disertai angin kencang.","Senin, 02 September 2024 - 19:52 WIB",METRO
"Subsidi Energi Terus Melonjak, Gas Bumi Bisa Jadi Solusi Kurangi Impor LPG","Menjelang pergantian pemerintahan pada 20 Oktober mendatang, isu energi dinilai akan terus menjadi beban pemerintah baru di bawah Presiden Prabowo Subianto.","Senin, 02 September 2024 - 19:01 WIB",EKONOMI BISNIS
Google Chrome Makin Canggih: Cari Pakai Google Lens dan Ngobrol dengan Gemini Langsung di Browser,"Google Chrome kembali menghadirkan pembaruan menarik untuk meningkatkan pengalaman browsing penggunanya. Kini, mereka dapat mencari apa pun yang dilihat di layar dan berinteraksi dengan model AI Gemini langsung dari address bar Chrome.","Senin, 02 September 2024 - 19:00 WIB",TEKNO
"Saksi Ungkap Pungli Tak Hanya Terjadi di Rutan KPK, Lapas Kondisinya Juga Sama","Mantan Terpidana kasus suap impor bawang putih, Elviyanto menyatakan pungli bukan hanya terjadi di Rumah Tahanan (Rutan) cabang Komisi Pemberantasan Korupsi (KPK).","Senin, 02 September 2024 - 19:00 WIB",NASIONAL
10 Petinju dengan Pukulan Terkuat di Dunia: Rocky Marciano sang Raja Tak Terkalahkan!,Kelas berat selalu menjadi pusat perhatian. Para penggemar menyaksikan dengan antusias setiap pukulan keras yang bisa menjatuhkan lawan dalam sekejap.,"Senin, 02 September 2024 - 19:03 WIB",SPORTS
"Daftar Mobil yang Akan Dilarang Isi Pertalite, Avanza dan Ertiga Termasuk",Menteri Energi dan Sumber Daya Mineral (ESDM) Bahlil Lahadalia segera melakukan pembatasan pembelian bahan bakar minyak (BBM) bersubsidi setelah adanya penetapan Peraturan Menteri (Permen).,"Senin, 02 September 2024 - 18:57 WIB",OTOMOTIF
"Diberhentikan dari RSUP dr Karyadi Semarang, Dekan Undip: Sepekan Saya Rawat 300 Pasien Kanker","Dekan Fakultas Kedokteran Undip dr Yan Wisnu Prajoko diberhentikan sementara dari praktiknya di RSUP Kariadi Kota Semarang, Jawa Tengah. Dia masih mengikuti kebijakan dari Kemenkes maupun RSUP dr Kariadi.","Senin, 02 September 2024 - 18:56 WIB",DAERAH
5 Jenderal Jebolan Akpol 1991 Pernah Dinas di Polda Metro Jaya Teman Seangkatan Kapolri,Terdapat 5 jenderal jebolan Akpol 1991 pernah berdinas di Polda Metro Jaya teman seangkatan Kapolri Jenderal Polisi Listyo Sigit Prabowo. Mereka saat ini berpangkat Irjen hingga Komjen Polisi.,"Senin, 02 September 2024 - 19:40 WIB",METRO
"Israel Lumpuh Total, Mogok Kerja Nasional Tuntut Kesepakatan dengan Hamas","Bandara, sekolah, bank, dan rumah sakit di seluruh Israel tutup karena serikat pekerja terbesarnya menyerukan mogok kerja satu hari untuk memprotes kegagalan pemerintah mengamankan kesepakatan penyanderaan dengan Hamas.","Senin, 02 September 2024 - 20:40 WIB",INTERNATIONAL
"Mobil Listrik Boros Baterai? Jangan Panik, Begini Cara Biar Irit!","Mobil listrik mengandalkan baterai sebagai sumber daya menggantikan bahan bakar minyak (BBM). Untuk itu, perlu diketahui cara mengendarai mobil listrik yang baik agar bisa menghemat baterai.","Senin, 02 September 2024 - 18:52 WIB",OTOMOTIF
NASA Siap Terjunkan Robot untuk Mengukur Kecepatan Cairnya Es Antartika,Ilmuwan NASA siap hadirkan robot bawah air untuk mengukur seberapa cepat perubahan iklim mencairkan lapisan es yang luas di sekitar Antarktika.,"Senin, 02 September 2024 - 18:50 WIB",SAINS
Dua Karakter Paus Fransiskus Digambarkan dalam Lukisan Denny JA,Lukisan karya Dennya JA sambut kedatangan Paus Fransiskus ke Jakarta dipamerkan dalam Festival Toleransi di Galeri Nasional pada 2-4 September 2024.,"Senin, 02 September 2024 - 18:46 WIB",NASIONAL
"Profil Rodney Tyson, Adik Mike Tyson yang Jadi Dokter di New York City",Rodney Tyson adalah adik dari legenda tinju kelas berat Mike Tyson. Sosoknya ini jarang diketahui banyak orang.,"Senin, 02 September 2024 - 19:04 WIB",SPORTS
Misbakhun Siap Mundur dari DPR dan Kepengurusan Golkar,Anggota Komisi XI DPR Mukhamad Misbakhun mengaku siap mengundurkan diri dari jabatannya di lembaga legislatif maupun kepengurusan Partai Golkar jika terpilih menjadi anggota BPK.,"Senin, 02 September 2024 - 18:39 WIB",NASIONAL
"PMI Manufaktur Indonesia Turun, Menperin Ungkap Penyebabnya","PMI manufaktur Indonesia tercatat 48,9 atau turun 0,4 poin dari Juli 2024 . Hal ini disebabkan oleh banyak barang impor yang masuk ke Indonesia.","Senin, 02 September 2024 - 18:37 WIB",EKONOMI BISNIS
"Resmi! MNC Media dan AFC Perpanjang Kemitraan Hak Siar, Datuk Seri Windsor John: Terima Kasih","MNC Media resmi memperpanjang kontrak hak siar seluruh kompetisi yang dipegang Federasi Sepak Bola Asia (AFC) dengan durasi 2025-2028. Pengumuman kemitraan hak siar itu berlangsung di iNews Tower, Jakarta, Senin (2/9/2024).","Senin, 02 September 2024 - 18:36 WIB",SPORTS
"Rolls-Royce Mini Rasa Wuling Air EV? China Bikin Tiruan Mobil Mewah, Harganya Bikin Melongo!","Pabrikan mobil asal China kembali membuat sesuatu yang mengejutkan dalam merakit kendaraan. Kini, mereka bikin tiruan Rolls-Royce Phantom dengan versi lebih mini.","Senin, 02 September 2024 - 18:36 WIB",OTOMOTIF
Nisya Ahmad Adik Raffi Ahmad Dilantik Jadi Anggota DPRD Jabar,"Nisya Ahmad resmi dilantik menjadi Anggota Dewan Perwakilan Rakyat Daerah (DPRD) Jawa Barat periode 2024-2029 di Gedung Merdeka, Kota Bandung, Jawa Barat, Senin (2/9/2024). Adik Raffi Ahmad itu melenggang ke kursi legislatif setelah memperoleh 50.422 suara.","Senin, 02 September 2024 - 18:34 WIB",DAERAH
"Survei Pilgub Papua Tengah, Willem Wandik-Aloysius Giyai Unggul",Pasangan cagub-cawagub Papua Tengah Willem Wandik-Aloysius Giyai unggul dalam survei Laboratorium Suara Indonesia (LSI).,"Senin, 02 September 2024 - 18:20 WIB",NASIONAL
Kerusuhan Besar Guncang Israel setelah 6 Sandera Tewas di Gaza,"Puluhan ribu pengunjuk rasa membanjiri jalan-jalan kota Israel pada Minggu (1/9/2024), menuntut kesepakatan gencatan senjata segera dengan Hamas setelah jasad enam sandera ditemukan di terowongan Gaza.","Senin, 02 September 2024 - 18:19 WIB",INTERNATIONAL
Pramono Ungkap Rencana Bangun Jalur Sepeda Layang di Jakarta,"Calon Gubernur (Cagub) Jakarta dari PDIP, Pramono Anung mengungkap adanya rencana terkait peningkatan fasilitas jalur sepeda di Jakarta.","Senin, 02 September 2024 - 18:18 WIB",METRO
Nikmati Liburan Berkesan dengan Cara yang Spesial,Liburan bisa menjadi pilihan yang tepat untuk merayakan hari spesial Anda.,"Senin, 02 September 2024 - 18:18 WIB",LIFESTYLE
"Gelar Raker UPZ Tingkat Nasional 2024, BAZNAS RI Dorong Peningkatan Kemanfaatan Umat","Badan Amil Zakat Nasional (BAZNAS) RI menggelar Rapat Kerja (Raker) Unit Pengumpul Zakat (UPZ) Tingkat Nasional 2024 di Bogor, Senin (2/9/2024).","Senin, 02 September 2024 - 18:15 WIB",DAERAH
"Israel Ingin Bumi Hanguskan Jenin, Berikut 6 Motivasinya","Di tengah serangan terbesar Israel di Tepi Barat yang diduduki sejak Intifada kedua, kota Jenin dan kamp pengungsi di dekatnya sekali lagi menjadi fokus serangan militer Israel.","Senin, 02 September 2024 - 18:55 WIB",INTERNATIONAL
Pembelotan Elite Korea Utara Tanda Krisis Serius bagi Rezim Kim Jong-un,"Baru-baru ini, Ri Il-kyu, mantan Konselor di Kedutaan Korea Utara di Kuba, membelot bersama keluarganya dan datang ke Korea Selatan.","Senin, 02 September 2024 - 18:06 WIB",NASIONAL
"Mau Bentuk Family Office, Luhut Bertemu Ray Dalio yang Hartanya Tembus Rp239 Triliun",Luhut mengatakan banyak uang milik orang-orang kaya yang disimpan di family office. Hal itu akan berdampak pada pembangunan yang terjadi negara tersebut.,"Senin, 02 September 2024 - 18:06 WIB",EKONOMI BISNIS
Polisi Tangkap 8 Pelaku Sindikat Penjualan Bayi di Depok,"Unit PPA Satreskrim Polres Metro Depok berhasil menangkap delapan pelaku sindikat dalam kasus TPPO yakni bayi, di wilayah hukum Depok, Jawa Barat.","Senin, 02 September 2024 - 18:01 WIB",METRO
"Latih 1.000 Takmir, LTM PBNU Ingin Transformasi Masjid di Indonesia","Lembaga Takmir Masjid Pengurus Besar Nahdlatul Ulama (LTM PBNU) menginisiasi silaturahmi nasional dan pelatihan transformasi kemasjidan, Senin (2/9/2024).","Senin, 02 September 2024 - 18:10 WIB",NASIONAL
"Motor 150cc Akan Dilarang Isi Pertalite, Bikers NMax dan PCX Bakal Lemes","Pertalite, merupakan salah satu jenis Bahan Bakar Minyak (BBM) yang dipasarkan oleh PT Pertamina (Persero). Jenis bensin ini memiliki nilai oktan 90 dan termasuk dalam kategori BBM subsidi.","Senin, 02 September 2024 - 17:58 WIB",OTOMOTIF
"46.000 Pekerja Diterjang Badai PHK, Korban Terbanyak Jateng dan Jakarta",Kementerian Ketenagakerjaan (Kemnaker) melaporkan sebanyak 46.240 pekerja di seluruh Indonesia mengalami pemutusan hubungan kerja (PHK).,"Senin, 02 September 2024 - 17:46 WIB",EKONOMI BISNIS
Valencia Tanoesoedibjo: Amazing Dance Indonesia Konten Segar bagi Pemirsa GTV,"Direktur Utama GTV Valencia Tanoesoedibjo mengatakan, hadirnya program baru Amazing Dance Indonesia akan menjadi konten segar bagi pemirsa","Senin, 02 September 2024 - 18:58 WIB",LIFESTYLE
"Soal Pertunjukan Musik Dugem di Open House Raja Brawijaya, Ini Kata Kampus UB","Universitas Brawijaya (UB) menjadi sorotan usai disebut menampilkan musik disk jockey (Dj) yang identik dengan dunia malam. Musik Dj itu ditampilkan dalam acara Open House Raja Brawijaya, atau pengenalan Unit Kegiatan Mahasiswa (UKM).","Senin, 02 September 2024 - 18:00 WIB",DAERAH
Rusia Tegaskan Israel dan Ukraina Punya Agenda yang Sama,"Ukraina dan Israel tengah berupaya memicu perang regional besar yang mereka yakini akan menyelesaikan masalah mereka sendiri dengan mengorbankan pihak lain, menurut Menteri Luar Negeri (Menlu) Rusia Sergey Lavrov.","Senin, 02 September 2024 - 17:45 WIB",INTERNATIONAL
"3 Ayat Terakhir Surat Al Hasyr yang Punya Banyak Keutamaan, Lengkap dengan Latin dan Artinya",Tiga ayat terakhir Surat Al Hasyr rupanya memiliki banyak keutamaan yang jarang diketahui oleh umat muslim. Salah satunya adalah jaminan mati syahid.,"Senin, 02 September 2024 - 17:45 WIB",KALAM
"Tiba di Arab Saudi, Skuad Timnas Indonesia Sempatkan Beribadah Umrah","Timnas Indonesia menjalani ibadah umrah di sela-sela persiapan melawan Arab Saudi. Pertemuan kedua tim itu dalam fase Grup C putaran ketiga Kualifikasi Piala Dunia 2026 zona Asia di King Abdullah, pada 6 September 2024.","Senin, 02 September 2024 - 17:44 WIB",SPORTS
Indonesia Diharapkan Jadi Rujukan Cara Pandang Paus Fransiskus soal Keberagaman Agama,"Ketua Umum (Ketum) GP Ansor, Addin Jauharuddin menyebutkan, bahwa GP Ansor menyambut baik kedatangan Paus Fransiskus ke Indonesia,  Senin (2/9/2024).","Senin, 02 September 2024 - 18:46 WIB",NASIONAL
"Jadi Terobosan Baru di Ranah Kompetisi, Amazing Dance Indonesia GTV Tayang Perdana 4 September 2024","GTV kembali menghadirkan program baru bernama Amazing Dance Indonesia yang akan tayang perdana pada Rabu, 4 September 2024.","Senin, 02 September 2024 - 18:01 WIB",LIFESTYLE
"Pilgub Kalteng, Elektabilitas Agustiar Sabran-Edy Pratowo Tertinggi",Pasangan cagub dan cawagub Kalimantan Tengah Agustiar Sabran-Edy Pratowo memiliki elektabilitas tertinggi di Pilgub Kalteng 2024. Mereka unggul jauh dibandingkan lawan-lawannya.,"Senin, 02 September 2024 - 19:00 WIB",DAERAH
"Ramai-ramai Industri Tolak PP Kesehatan, Wapres Janji Dalami Masukan",Sejumlah asosiasi industri dan pedagang di Indonesia secara tegas menolak Peraturan Pemerintah (PP) Nomor 28 Tahun 2024 tentang Kesehatan.,"Senin, 02 September 2024 - 18:11 WIB",EKONOMI BISNIS
